x_coordinate,y_coordinate,concentration_mg_L,time_final
0.0,0.0,0.0,300.0
0.0,0.25,0.0,300.0
0.0,0.5,0.0,300.0
0.0,0.75,0.0,300.0
0.0,1.0,0.0,300.0
0.0,1.25,0.0,300.0
0.0,1.5,0.0,300.0
0.0,1.75,0.0,300.0
0.0,2.0,0.0,300.0
0.0,2.25,0.0,300.0
0.0,2.5,0.0,300.0
0.0,2.75,0.0,300.0
0.0,3.0,0.0,300.0
0.0,3.25,0.0,300.0
0.0,3.5,0.0,300.0
0.0,3.75,0.0,300.0
0.0,4.0,0.0,300.0
0.0,4.25,0.0,300.0
0.0,4.5,0.0,300.0
0.0,4.75,0.0,300.0
0.0,5.0,0.0,300.0
0.0,5.25,0.0,300.0
0.0,5.5,0.0,300.0
0.0,5.75,0.0,300.0
0.0,6.0,0.0,300.0
0.0,6.25,0.0,300.0
0.0,6.5,0.0,300.0
0.0,6.75,0.0,300.0
0.0,7.0,0.0,300.0
0.0,7.25,0.0,300.0
0.0,7.5,0.0,300.0
0.0,7.75,0.0,300.0
0.0,8.0,0.0,300.0
0.0,8.25,0.0,300.0
0.0,8.5,0.0,300.0
0.0,8.75,0.0,300.0
0.0,9.0,0.0,300.0
0.0,9.25,0.0,300.0
0.0,9.5,0.0,300.0
0.0,9.75,0.0,300.0
0.0,10.0,0.0,300.0
5.0,0.0,0.0,300.0
5.0,0.25,2.159523915571409e-09,300.0
5.0,0.5,1.88984687639494e-08,300.0
5.0,0.75,1.122485395453406e-07,300.0
5.0,1.0,5.378675008212514e-07,300.0
5.0,1.25,2.2010011654994814e-06,300.0
5.0,1.5,7.908537675093936e-06,300.0
5.0,1.75,2.5378717112866915e-05,300.0
5.0,2.0,7.360494797110977e-05,300.0
5.0,2.25,0.00019470254749449206,300.0
5.0,2.5,0.0004732425528754432,300.0
5.0,2.75,0.0010635515961902868,300.0
5.0,3.0,0.0022219882902098187,300.0
5.0,3.25,0.004336050911433899,300.0
5.0,3.5,0.00793686483458614,300.0
5.0,3.75,0.01367885941564217,300.0
5.0,4.0,0.022273212779681452,300.0
5.0,4.25,0.0343714791538072,300.0
5.0,4.5,0.050411428344684844,300.0
5.0,4.75,0.07045401570483752,300.0
5.0,5.0,0.0940521222758764,300.0
5.0,5.25,0.12019247562132938,300.0
5.0,5.5,0.14733960197564624,300.0
5.0,5.75,0.17358728832422554,300.0
5.0,6.0,0.1968956653546374,300.0
5.0,6.25,0.2153692703794443,300.0
5.0,6.5,0.2275204483474114,300.0
5.0,6.75,0.23246627525568292,300.0
5.0,7.0,0.2300240093206705,300.0
5.0,7.25,0.22069420963821756,300.0
5.0,7.5,0.2055448933141397,300.0
5.0,7.75,0.18602818291117448,300.0
5.0,8.0,0.16376929608777552,300.0
5.0,8.25,0.14036616215343817,300.0
5.0,8.5,0.11722877175388272,300.0
5.0,8.75,0.09547431405458312,300.0
5.0,9.0,0.07588100992003732,300.0
5.0,9.25,0.05889329745308811,300.0
5.0,9.5,0.04467104271628864,300.0
5.0,9.75,0.03339190692617524,300.0
5.0,10.0,0.03339190692617524,300.0
10.0,0.0,0.0,300.0
10.0,0.25,4.305733649019746e-09,300.0
10.0,0.5,3.7680422191716e-08,300.0
10.0,0.75,2.2380502956600574e-07,300.0
10.0,1.0,1.0724188698696784e-06,300.0
10.0,1.25,4.388432427835672e-06,300.0
10.0,1.5,1.5768316588872927e-05,300.0
10.0,1.75,5.0600966005952743e-05,300.0
10.0,2.0,0.00014675609699192534,300.0
10.0,2.25,0.0003882046891169758,300.0
10.0,2.5,0.0009435674082310868,300.0
10.0,2.75,0.0021205460435382278,300.0
10.0,3.0,0.004430277284575473,300.0
10.0,3.25,0.008645368628743332,300.0
10.0,3.5,0.015824796261107145,300.0
10.0,3.75,0.027273384119212873,300.0
10.0,4.0,0.0444091038037746,300.0
10.0,4.25,0.0685310467206602,300.0
10.0,4.5,0.10051205348680248,300.0
10.0,4.75,0.140473658997118,300.0
10.0,5.0,0.18752438197161153,300.0
10.0,5.25,0.23964392469842355,300.0
10.0,5.5,0.2937708063522728,300.0
10.0,5.75,0.34610435334049594,300.0
10.0,6.0,0.3925774035103486,300.0
10.0,6.25,0.4294107176443447,300.0
10.0,6.5,0.45363815752790965,300.0
10.0,6.75,0.46349931867543537,300.0
10.0,7.0,0.4586298441838297,300.0
10.0,7.25,0.44002776613187183,300.0
10.0,7.5,0.40982253405103863,300.0
10.0,7.75,0.3709094402487964,300.0
10.0,8.0,0.32652890003517504,300.0
10.0,8.25,0.27986692026394905,300.0
10.0,8.5,0.2337347891655977,300.0
10.0,8.75,0.19035999722849478,300.0
10.0,9.0,0.1512941881912651,300.0
10.0,9.25,0.117423498150873,300.0
10.0,9.5,0.08906667360491632,300.0
10.0,9.75,0.06657794164592294,300.0
10.0,10.0,0.06657794164592294,300.0
15.0,0.0,0.0,300.0
15.0,0.25,6.425397104530694e-09,300.0
15.0,0.5,5.623006330246082e-08,300.0
15.0,0.75,3.339816872501142e-07,300.0
15.0,1.0,1.6003584204149164e-06,300.0
15.0,1.25,6.548807546759386e-06,300.0
15.0,1.5,2.353087859381667e-05,300.0
15.0,1.75,7.55112431375021e-05,300.0
15.0,2.0,0.00021900244593192253,300.0
15.0,2.25,0.0005793134198924834,300.0
15.0,2.5,0.0014080748571121961,300.0
15.0,2.75,0.003164466620181633,300.0
15.0,3.0,0.006611252147920127,300.0
15.0,3.25,0.012901384776745349,300.0
15.0,3.5,0.023615162562069508,300.0
15.0,3.75,0.040699759349913475,300.0
15.0,4.0,0.06627119795054782,300.0
15.0,4.25,0.10226809761835927,300.0
15.0,4.5,0.1499929884279604,300.0
15.0,4.75,0.20962723551340234,300.0
15.0,5.0,0.2798404915510813,300.0
15.0,5.25,0.3576178893601181,300.0
15.0,5.5,0.4383908161017796,300.0
15.0,5.75,0.5164875700207718,300.0
15.0,6.0,0.585838771530163,300.0
15.0,6.25,0.6408047051481708,300.0
15.0,6.5,0.6769590367249438,300.0
15.0,6.75,0.6916747347712148,300.0
15.0,7.0,0.6844080736462862,300.0
15.0,7.25,0.6566484052129498,300.0
15.0,7.5,0.6115734826647524,300.0
15.0,7.75,0.5535039176149459,300.0
15.0,8.0,0.48727534478803186,300.0
15.0,8.25,0.4176422057910222,300.0
15.0,8.5,0.3487997539128302,300.0
15.0,8.75,0.284072047745414,300.0
15.0,9.0,0.2257745875019869,300.0
15.0,9.25,0.17522974394987512,300.0
15.0,9.5,0.13291317884342965,300.0
15.0,9.75,0.0993535012232227,300.0
15.0,10.0,0.0993535012232227,300.0
20.0,0.0,0.0,300.0
20.0,0.25,8.505445852820902e-09,300.0
20.0,0.5,7.44330273971578e-08,300.0
20.0,0.75,4.420992369058167e-07,300.0
20.0,1.0,2.118431229761734e-06,300.0
20.0,1.25,8.668807092042805e-06,300.0
20.0,1.5,3.11483649166203e-05,300.0
20.0,1.75,9.995596837428229e-05,300.0
20.0,2.0,0.00028989857205071975,300.0
20.0,2.25,0.0007668504910113769,300.0
20.0,2.5,0.0018639010567892541,300.0
20.0,2.75,0.004188877208974115,300.0
20.0,3.0,0.0087514664456761,300.0
20.0,3.25,0.017077859601981417,300.0
20.0,3.5,0.031259933541109175,300.0
20.0,3.75,0.05387520704383345,300.0
20.0,4.0,0.08772470814622732,300.0
20.0,4.25,0.1353746317192131,300.0
20.0,4.5,0.19854916676413056,300.0
20.0,4.75,0.2774883904774931,300.0
20.0,5.0,0.37043129152495,300.0
20.0,5.25,0.4733870209141117,300.0
20.0,5.5,0.5803080008086534,300.0
20.0,5.75,0.683686469216402,300.0
20.0,6.0,0.7754882488582167,300.0
20.0,6.25,0.8482479187082897,300.0
20.0,6.5,0.8961062385029003,300.0
20.0,6.75,0.9155857462718955,300.0
20.0,7.0,0.9059666998869703,300.0
20.0,7.25,0.8692205886464662,300.0
20.0,7.5,0.8095538775021177,300.0
20.0,7.75,0.7326858593669248,300.0
20.0,8.0,0.6450175750849596,300.0
20.0,8.25,0.552842588303905,300.0
20.0,8.5,0.46171425224018275,300.0
20.0,8.75,0.3760326996631283,300.0
20.0,9.0,0.2988630114318667,300.0
20.0,9.25,0.23195564012849895,300.0
20.0,9.5,0.17594023015104,300.0
20.0,9.75,0.1315165134374057,300.0
20.0,10.0,0.1315165134374057,300.0
25.0,0.0,0.0,300.0
25.0,0.25,1.053305570230714e-08,300.0
25.0,0.5,9.217708715461744e-08,300.0
25.0,0.75,5.474910979195956e-07,300.0
25.0,1.0,2.623443206920234e-06,300.0
25.0,1.25,1.0735360562152995e-05,300.0
25.0,1.5,3.857381122329337e-05,300.0
25.0,1.75,0.00012378443186368941,300.0
25.0,2.0,0.00035900737717599893,300.0
25.0,2.25,0.0009496596741214355,300.0
25.0,2.5,0.002308235687292024,300.0
25.0,2.75,0.0051874619782683205,300.0
25.0,3.0,0.010837725045585984,300.0
25.0,3.25,0.02114904374944779,300.0
25.0,3.5,0.03871197664498888,300.0
25.0,3.75,0.06671849618801388,300.0
25.0,4.0,0.10863736637176767,300.0
25.0,4.25,0.16764653623945142,300.0
25.0,4.5,0.24588122352070327,300.0
25.0,4.75,0.3436387373183613,300.0
25.0,5.0,0.458738259506836,300.0
25.0,5.25,0.5862375641918551,300.0
25.0,5.5,0.7186473938660076,300.0
25.0,5.75,0.8466702141475128,300.0
25.0,6.0,0.9603565834377749,300.0
25.0,6.25,1.0504614019687577,300.0
25.0,6.5,1.1097286475268295,300.0
25.0,6.75,1.133851867370453,300.0
25.0,7.0,1.121939740334041,300.0
25.0,7.25,1.07643373826566,300.0
25.0,7.5,1.0025431036215886,300.0
25.0,7.75,0.9073505492735383,300.0
25.0,8.0,0.7987830576412644,300.0
25.0,8.25,0.6846345125015975,300.0
25.0,8.5,0.5717821287300388,300.0
25.0,8.75,0.46567498499205023,300.0
25.0,9.0,0.37010884555007995,300.0
25.0,9.25,0.28725145267865776,300.0
25.0,9.5,0.21788255145212174,300.0
25.0,9.75,0.16286868262541931,300.0
25.0,10.0,0.16286868262541931,300.0
30.0,0.0,0.0,300.0
30.0,0.25,1.2495725764476706e-08,300.0
30.0,0.5,1.0935284454993438e-07,300.0
30.0,0.75,6.495074944455918e-07,300.0
30.0,1.0,3.1122807852303027e-06,300.0
30.0,1.25,1.2735726968205146e-05,300.0
30.0,1.5,4.576143716977127e-05,300.0
30.0,1.75,0.0001468497232097092,300.0
30.0,2.0,0.0004259027825579516,300.0
30.0,2.25,0.0011266138898571698,300.0
30.0,2.5,0.0027383392779596,300.0
30.0,2.75,0.006154064321102595,300.0
30.0,3.0,0.012857165470048703,300.0
30.0,3.25,0.02508983701587015,300.0
30.0,3.5,0.04592534755135191,300.0
30.0,3.75,0.0791504436364689,300.0
30.0,4.0,0.12888023913887844,300.0
30.0,4.25,0.1988848441619693,300.0
30.0,4.5,0.2916973408364747,300.0
30.0,4.75,0.4076704371616309,300.0
30.0,5.0,0.5442169536884487,300.0
30.0,5.25,0.6954737580851522,300.0
30.0,5.5,0.8525560869340634,300.0
30.0,5.75,1.004433955852722,300.0
30.0,6.0,1.1393040005369965,300.0
30.0,6.25,1.2461984415894776,300.0
30.0,6.5,1.3165092106356857,300.0
30.0,6.75,1.3451274148759853,300.0
30.0,7.0,1.3309956493997623,300.0
30.0,7.25,1.27701031612046,300.0
30.0,7.5,1.1893513182887117,300.0
30.0,7.75,1.0764211214567037,300.0
30.0,8.0,0.9476237771389566,300.0
30.0,8.25,0.8122054373575909,300.0
30.0,8.5,0.6783247783315185,300.0
30.0,8.75,0.5524462292408847,300.0
30.0,9.0,0.43907283560273336,300.0
30.0,9.25,0.34077626453194837,300.0
30.0,9.5,0.2584815543912312,300.0
30.0,9.75,0.19321671224038972,300.0
30.0,10.0,0.19321671224038972,300.0
35.0,0.0,0.0,300.0
35.0,0.25,1.4381355525996779e-08,300.0
35.0,0.5,1.2585440532946858e-07,300.0
35.0,0.75,7.475194614884623e-07,300.0
35.0,1.0,3.5819301185292166e-06,300.0
35.0,1.25,1.4657573386370587e-05,300.0
35.0,1.5,5.2666928652869874e-05,300.0
35.0,1.75,0.00016900963722407564,300.0
35.0,2.0,0.0004901723557856394,300.0
35.0,2.25,0.0012966221566567677,300.0
35.0,2.5,0.0031515600971828905,300.0
35.0,2.75,0.007082724812718892,300.0
35.0,3.0,0.014797337197547989,300.0
35.0,3.25,0.02887594310075918,300.0
35.0,3.5,0.0528555734306682,300.0
35.0,3.75,0.09109440230047836,300.0
35.0,4.0,0.1483285224076423,300.0
35.0,4.25,0.2288969609338326,300.0
35.0,4.5,0.335715047117347,300.0
35.0,4.75,0.4691887132912449,300.0
35.0,5.0,0.6263403695035876,300.0
35.0,5.25,0.8004221251437774,300.0
35.0,5.5,0.9812084884025275,300.0
35.0,5.75,1.1560050284158225,300.0
35.0,6.0,1.3112272298377432,300.0
35.0,6.25,1.434252253647021,300.0
35.0,6.5,1.5151730569115243,300.0
35.0,6.75,1.5481098047966053,300.0
35.0,7.0,1.5318455279004568,300.0
35.0,7.25,1.4697137009225207,300.0
35.0,7.5,1.3688267867511408,300.0
35.0,7.75,1.2388551996267374,300.0
35.0,8.0,1.0906220810556493,300.0
35.0,8.25,0.9347688457048613,300.0
35.0,8.5,0.7806853301857822,300.0
35.0,8.75,0.635811458838272,300.0
35.0,9.0,0.5053297956611258,300.0
35.0,9.25,0.3922000774265401,300.0
35.0,9.5,0.297486932616163,300.0
35.0,9.75,0.22237349658901037,300.0
35.0,10.0,0.22237349658901037,300.0
40.0,0.0,0.0,300.0
40.0,0.25,1.6178319452388866e-08,300.0
40.0,0.5,1.4158003188400965e-07,300.0
40.0,0.75,8.409227226810005e-07,300.0
40.0,1.0,4.029495662511984e-06,300.0
40.0,1.25,1.6489050994439283e-05,300.0
40.0,1.5,5.924771102141771e-05,300.0
40.0,1.75,0.00019012755066838608,300.0
40.0,2.0,0.000551419853569501,300.0
40.0,2.25,0.0014586363170250257,300.0
40.0,2.5,0.003545350501208941,300.0
40.0,2.75,0.00796771795239185,300.0
40.0,3.0,0.016646278424244886,300.0
40.0,3.25,0.03248401940115786,300.0
40.0,3.5,0.059459927135973076,300.0
40.0,3.75,0.10247673370330336,300.0
40.0,4.0,0.1668623110448049,300.0
40.0,4.25,0.2574978518755639,300.0
40.0,4.5,0.3776629585673853,300.0
40.0,4.75,0.5278142850788549,300.0
40.0,5.0,0.7046021887861,300.0
40.0,5.25,0.900435623787365,300.0
40.0,5.5,1.103811413436764,300.0
40.0,5.75,1.3004489457738722,300.0
40.0,6.0,1.4750663074631738,300.0
40.0,6.25,1.6134634238579861,300.0
40.0,6.5,1.7044953576818112,300.0
40.0,6.75,1.7415475832020888,300.0
40.0,7.0,1.7232510695478098,300.0
40.0,7.25,1.6533558122259822,300.0
40.0,7.5,1.5398629830657633,300.0
40.0,7.75,1.3936513236782828,300.0
40.0,8.0,1.2268963372970743,300.0
40.0,8.25,1.0515690933753976,300.0
40.0,8.5,0.8782326974530311,300.0
40.0,8.75,0.7152566994225419,300.0
40.0,9.0,0.5684712295342312,300.0
40.0,9.25,0.4412058464560816,300.0
40.0,9.5,0.33465820499976595,300.0
40.0,9.75,0.2501592744003039,300.0
40.0,10.0,0.2501592744003039,300.0
45.0,0.0,0.0,300.0
45.0,0.25,1.787553866331272e-08,300.0
45.0,0.5,1.5643277049495104e-07,300.0
45.0,0.75,9.291414158487792e-07,300.0
45.0,1.0,4.452218026724348e-06,300.0
45.0,1.25,1.821886812374685e-05,300.0
45.0,1.5,6.54632115631307e-05,300.0
45.0,1.75,0.00021007326458177488,300.0
45.0,2.0,0.0006092676647129303,300.0
45.0,2.25,0.0016116574997726847,300.0
45.0,2.5,0.003917282641211442,300.0
45.0,2.75,0.008803587463043785,300.0
45.0,3.0,0.018392589812474266,300.0
45.0,3.25,0.035891820926547344,300.0
45.0,3.5,0.06569769062993012,300.0
45.0,3.75,0.113227261985872,300.0
45.0,4.0,0.1843673380787771,300.0
45.0,4.25,0.28451118298144656,300.0
45.0,4.5,0.41728245236012745,300.0
45.0,4.75,0.5831857063749695,300.0
45.0,5.0,0.778519901389678,300.0
45.0,5.25,0.9948976375318364,300.0
45.0,5.5,1.2196089742259686,300.0
45.0,5.75,1.436875163134414,300.0
45.0,6.0,1.6298111110074043,300.0
45.0,6.25,1.7827270557534767,300.0
45.0,6.5,1.8833088779953653,300.0
45.0,6.75,1.924248141853389,300.0
45.0,7.0,1.9040321955188049,300.0
45.0,7.25,1.826804435338398,300.0
45.0,7.5,1.7014054121990063,300.0
45.0,7.75,1.5398551240248022,300.0
45.0,8.0,1.3556063697520517,300.0
45.0,8.25,1.1618860679977228,300.0
45.0,8.5,0.9703654681726924,300.0
45.0,8.75,0.7902921446645372,300.0
45.0,9.0,0.6281078492835326,300.0
45.0,9.25,0.48749143475695944,300.0
45.0,9.5,0.3697661982860489,300.0
45.0,9.75,0.2764027371136264,300.0
45.0,10.0,0.2764027371136264,300.0
50.0,0.0,0.0,300.0
50.0,0.25,1.946254923755785e-08,300.0
50.0,0.5,1.7032104908629402e-07,300.0
50.0,0.75,1.01163164339247e-06,300.0
50.0,1.0,4.8474909871250206e-06,300.0
50.0,1.25,1.983635987607681e-05,300.0
50.0,1.5,7.127510964891106e-05,300.0
50.0,1.75,0.00022872380700091665,300.0
50.0,2.0,0.0006633591382111992,300.0
50.0,2.25,0.0017547422783903196,300.0
50.0,2.5,0.004265063431788118,300.0
50.0,2.75,0.00958517993101177,300.0
50.0,3.0,0.02002550477146143,300.0
50.0,3.25,0.03907833744662835,300.0
50.0,3.5,0.07153040602510312,300.0
50.0,3.75,0.12327970656433958,300.0
50.0,4.0,0.20073567919359667,300.0
50.0,4.25,0.30977040807743356,300.0
50.0,4.5,0.4543292611344911,300.0
50.0,4.75,0.6349615939449039,300.0
50.0,5.0,0.8476377800236793,300.0
50.0,5.25,1.0832257766354632,300.0
50.0,5.5,1.3278872402833408,300.0
50.0,5.75,1.5644425674807814,300.0
50.0,6.0,1.7745075872766087,300.0
50.0,6.25,1.9409995827338447,300.0
50.0,6.5,2.050511173014579,300.0
50.0,6.75,2.0950850710295956,300.0
50.0,7.0,2.073074330034634,300.0
50.0,7.25,1.9889902018013135,300.0
50.0,7.5,1.8524581113398155,300.0
50.0,7.75,1.6765652056048155,300.0
50.0,8.0,1.4759586382579175,300.0
50.0,8.25,1.2650396287293784,300.0
50.0,8.5,1.0565156131683442,300.0
50.0,8.75,0.8604551760866611,300.0
50.0,9.0,0.6838719753127259,300.0
50.0,9.25,0.5307714762826156,300.0
50.0,9.5,0.40259446001956906,300.0
50.0,9.75,0.30094208505295017,300.0
50.0,10.0,0.30094208505295017,300.0
55.0,0.0,0.0,300.0
55.0,0.25,2.0929566726619068e-08,300.0
55.0,0.5,1.831592417971361e-07,300.0
55.0,0.75,1.087884825598528e-06,300.0
55.0,1.0,5.212877554328874e-06,300.0
55.0,1.25,2.1331553876326202e-05,300.0
55.0,1.5,7.664757299234567e-05,300.0
55.0,1.75,0.0002459641911233171,300.0
55.0,2.0,0.0007133607821242005,300.0
55.0,2.25,0.0018870084875883212,300.0
55.0,2.5,0.004586548688599143,300.0
55.0,2.75,0.010307676578566217,300.0
55.0,3.0,0.021534955836954334,300.0
55.0,3.25,0.04202392302641555,300.0
55.0,3.5,0.0769221126896886,300.0
55.0,3.75,0.13257209077204288,300.0
55.0,4.0,0.2158664181184066,300.0
55.0,4.25,0.3331197956339662,300.0
55.0,4.5,0.4885749789846705,300.0
55.0,4.75,0.6828227322104701,300.0
55.0,5.0,0.9115296899640984,300.0
55.0,5.25,1.164875468726127,300.0
55.0,5.5,1.4279786400659336,300.0
55.0,5.75,1.682364663314667,300.0
55.0,6.0,1.908263634345436,300.0
55.0,6.25,2.0873052020050777,300.0
55.0,6.5,2.205071384955732,300.0
55.0,6.75,2.25300510421969,300.0
55.0,7.0,2.229335272092187,300.0
55.0,7.25,2.1389131824034866,300.0
55.0,7.5,1.9920897903425243,300.0
55.0,7.75,1.8029387052830068,300.0
55.0,8.0,1.587211131040174,300.0
55.0,8.25,1.3603937995519293,300.0
55.0,8.5,1.1361519881369009,300.0
55.0,8.75,0.9253132152599514,300.0
55.0,9.0,0.7354198032349395,300.0
55.0,9.25,0.5707791351802919,300.0
55.0,9.5,0.4329405930469217,300.0
55.0,9.75,0.3236260249757563,300.0
55.0,10.0,0.3236260249757563,300.0
60.0,0.0,0.0,300.0
60.0,0.25,2.226754647910725e-08,300.0
60.0,0.5,1.9486819689385697e-07,300.0
60.0,0.75,1.1574308362038996e-06,300.0
60.0,1.0,5.546124998464774e-06,300.0
60.0,1.25,2.2695231755546247e-05,300.0
60.0,1.5,8.154747856778125e-05,300.0
60.0,1.75,0.00026168812423954903,300.0
60.0,2.0,0.000758964319666192,300.0
60.0,2.25,0.0020076406621419582,300.0
60.0,2.5,0.004879756347983071,300.0
60.0,2.75,0.010966622973292291,300.0
60.0,3.0,0.022911636740517778,300.0
60.0,3.25,0.044710417150015704,300.0
60.0,3.5,0.08183956895686945,300.0
60.0,3.75,0.1410471239664286,300.0
60.0,4.0,0.22966626881009125,300.0
60.0,4.25,0.35441538890304225,300.0
60.0,4.5,0.5198084696590729,300.0
60.0,4.75,0.7264740413209446,300.0
60.0,5.0,0.9698017163168501,300.0
60.0,5.25,1.2393433162723229,300.0
60.0,5.5,1.5192660767766712,300.0
60.0,5.75,1.7899144216640666,300.0
60.0,6.0,2.030254601663839,300.0
60.0,6.25,2.220741890729402,300.0
60.0,6.5,2.3460365986719305,300.0
60.0,6.75,2.397034611862691,300.0
60.0,7.0,2.371851620981555,300.0
60.0,7.25,2.2756490520785784,300.0
60.0,7.5,2.1194395734416864,300.0
60.0,7.75,1.918196488382932,300.0
60.0,8.0,1.6886779394628182,300.0
60.0,8.25,1.447360690275402,300.0
60.0,8.5,1.2087836083304928,300.0
60.0,8.75,0.9844663907944208,300.0
60.0,9.0,0.7824335235414606,300.0
60.0,9.25,0.6072677509230539,300.0
60.0,9.5,0.46061750336267754,300.0
60.0,9.75,0.3443147028463127,300.0
60.0,10.0,0.3443147028463127,300.0
65.0,0.0,0.0,300.0
65.0,0.25,2.3468239404073523e-08,300.0
65.0,0.5,2.0537572476723204e-07,300.0
65.0,0.75,1.219840900882868e-06,300.0
65.0,1.0,5.845178738014338e-06,300.0
65.0,1.25,2.3918985985292927e-05,300.0
65.0,1.5,8.594461682493651e-05,300.0
65.0,1.75,0.00027579866306361097,300.0
65.0,2.0,0.0007998885898360076,300.0
65.0,2.25,0.0021158950645090865,300.0
65.0,2.5,0.005142878687046624,300.0
65.0,2.75,0.01155795649116511,300.0
65.0,3.0,0.024147059785810162,300.0
65.0,3.25,0.04712125668631831,300.0
65.0,3.5,0.08625245707087219,300.0
65.0,3.75,0.14865255474513034,300.0
65.0,4.0,0.24205015059309357,300.0
65.0,4.25,0.3735258934599499,300.0
65.0,4.5,0.5478371682862487,300.0
65.0,4.75,0.7656463964194599,300.0
65.0,5.0,1.0220945926353573,300.0
65.0,5.25,1.306170200197912,300.0
65.0,5.5,1.601186732973168,300.0
65.0,5.75,1.8864287624607592,300.0
65.0,6.0,2.1397283743042337,300.0
65.0,6.25,2.3404869672984305,300.0
65.0,6.5,2.4725377166942843,300.0
65.0,6.75,2.526285604100015,300.0
65.0,7.0,2.4997447159739794,300.0
65.0,7.25,2.3983547886785668,300.0
65.0,7.5,2.2337223068392182,300.0
65.0,7.75,2.021627952312907,300.0
65.0,8.0,1.7797334868844288,300.0
65.0,8.25,1.5254041210778124,300.0
65.0,8.5,1.2739626756415032,300.0
65.0,8.75,1.0375500036797558,300.0
65.0,9.0,0.8246232810034918,300.0
65.0,9.25,0.6400123590542893,300.0
65.0,9.5,0.48545455360637385,300.0
65.0,9.75,0.36288056608247293,300.0
65.0,10.0,0.36288056608247293,300.0
70.0,0.0,0.0,300.0
70.0,0.25,2.4524242829445072e-08,300.0
70.0,0.5,2.1461704300578936e-07,300.0
70.0,0.75,1.2747302407857802e-06,300.0
70.0,1.0,6.108195007001782e-06,300.0
70.0,1.25,2.4995271712882598e-05,300.0
70.0,1.5,8.98118779409925e-05,300.0
70.0,1.75,0.00028820881142105245,300.0
70.0,2.0,0.0008358812808696454,300.0
70.0,2.25,0.0022111042702233786,300.0
70.0,2.5,0.005374293468886945,300.0
70.0,2.75,0.012078031363998818,300.0
70.0,3.0,0.025233608178096858,300.0
70.0,3.25,0.049241578006288936,300.0
70.0,3.5,0.09013357010616038,300.0
70.0,3.75,0.15534149309348735,300.0
70.0,4.0,0.2529417127104659,300.0
70.0,4.25,0.3903334866776473,300.0
70.0,4.5,0.5724882686022007,300.0
70.0,4.75,0.8000982868883825,300.0
70.0,5.0,1.0680859159191374,300.0
70.0,5.25,1.364944110505722,300.0
70.0,5.5,1.6732355405265669,300.0
70.0,5.75,1.97131264265186,300.0
70.0,6.0,2.2360100100027798,300.0
70.0,6.25,2.44580216344162,300.0
70.0,6.5,2.5837948175096046,300.0
70.0,6.75,2.6399612055309674,300.0
70.0,7.0,2.6122260535599926,300.0
70.0,7.25,2.506273870487958,300.0
70.0,7.5,2.334233399440707,300.0
70.0,7.75,2.112595407669038,300.0
70.0,8.0,1.8598163855476442,300.0
70.0,8.25,1.5940429282332436,300.0
70.0,8.5,1.3312873394277283,300.0
70.0,8.75,1.0842367757766913,300.0
70.0,9.0,0.861728961726546,300.0
70.0,9.25,0.6688110781687711,300.0
70.0,9.5,0.5072986150988527,300.0
70.0,9.75,0.3792091499599477,300.0
70.0,10.0,0.3792091499599477,300.0
75.0,0.0,0.0,300.0
75.0,0.25,2.5429046142010927e-08,300.0
75.0,0.5,2.2253517580136215e-07,300.0
75.0,0.75,1.3217604448312306e-06,300.0
75.0,1.0,6.333552222436762e-06,300.0
75.0,1.25,2.591745327796841e-05,300.0
75.0,1.5,9.312541896184574e-05,300.0
75.0,1.75,0.0002988420566098922,300.0
75.0,2.0,0.0008667204858278352,300.0
75.0,2.25,0.002292681282792384,300.0
75.0,2.5,0.005572573944231807,300.0
75.0,2.75,0.012523641156842411,300.0
75.0,3.0,0.026164582984369078,300.0
75.0,3.25,0.05105830862227371,300.0
75.0,3.5,0.09345897970733687,300.0
75.0,3.75,0.1610726994773456,300.0
75.0,4.0,0.2622738050521011,300.0
75.0,4.25,0.4047345441430772,300.0
75.0,4.5,0.5936097883593761,300.0
75.0,4.75,0.8296173053438141,300.0
75.0,5.0,1.1074921343371043,300.0
75.0,5.25,1.4153026864581486,300.0
75.0,5.5,1.7349682945368272,300.0
75.0,5.75,2.0440427248407422,300.0
75.0,6.0,2.318505900405739,300.0
75.0,6.25,2.5360381758986548,300.0
75.0,6.5,2.6791219640389063,300.0
75.0,6.75,2.737360568217518,300.0
75.0,7.0,2.7086021488385263,300.0
75.0,7.25,2.5987409404342463,300.0
75.0,7.5,2.4203531668960307,300.0
75.0,7.75,2.1905380098043468,300.0
75.0,8.0,1.9284328977229381,300.0
75.0,8.25,1.6528539306474845,300.0
75.0,8.5,1.38040417405621,300.0
75.0,8.75,1.1242388675963304,300.0
75.0,9.0,0.8935217968396666,300.0
75.0,9.25,0.693486354579062,300.0
75.0,9.5,0.5260150119317781,300.0
75.0,9.75,0.3931997833255961,300.0
75.0,10.0,0.3931997833255961,300.0
80.0,0.0,0.0,300.0
80.0,0.25,2.6177070927569196e-08,300.0
80.0,0.5,2.290813052243443e-07,300.0
80.0,0.75,1.3606415561255812e-06,300.0
80.0,1.0,6.519860981925464e-06,300.0
80.0,1.25,2.6679845123644596e-05,300.0
80.0,1.5,9.586481080203279e-05,300.0
80.0,1.75,0.00030763284112745226,300.0
80.0,2.0,0.0008922160707277838,300.0
80.0,2.25,0.002360123152730462,300.0
80.0,2.5,0.005736497647833751,300.0
80.0,2.75,0.01289203853674055,300.0
80.0,3.0,0.02693424443454079,300.0
80.0,3.25,0.052560247784323263,300.0
80.0,3.5,0.0962081836155739,300.0
80.0,3.75,0.16581083909877212,300.0
80.0,4.0,0.26998889215792443,300.0
80.0,4.25,0.4166402785367827,300.0
80.0,4.5,0.6110715063486891,300.0
80.0,4.75,0.8540214571990029,300.0
80.0,5.0,1.1400702954205202,300.0
80.0,5.25,1.4569354506536054,300.0
80.0,5.5,1.786004392006014,300.0
80.0,5.75,2.1041706038387966,300.0
80.0,6.0,2.386707430865288,300.0
80.0,6.25,2.610638669593016,300.0
80.0,6.5,2.757931432670675,300.0
80.0,6.75,2.817883192647889,300.0
80.0,7.0,2.7882788110847523,300.0
80.0,7.25,2.675185908238086,300.0
80.0,7.5,2.4915506521616955,300.0
80.0,7.75,2.254975216624452,300.0
80.0,8.0,1.9851599797675106,300.0
80.0,8.25,1.7014745389114905,300.0
80.0,8.5,1.4210103578908038,300.0
80.0,8.75,1.157309652927082,300.0
80.0,9.0,0.9198057729321657,300.0
80.0,9.25,0.7138860569934584,300.0
80.0,9.5,0.5414883512896916,300.0
80.0,9.75,0.4047662092687673,300.0
80.0,10.0,0.4047662092687673,300.0
85.0,0.0,0.0,300.0
85.0,0.25,2.6763705363755463e-08,300.0
85.0,0.5,2.3421507220289526e-07,300.0
85.0,0.75,1.3911338596462067e-06,300.0
85.0,1.0,6.665972629810641e-06,300.0
85.0,1.25,2.727774684984519e-05,300.0
85.0,1.5,9.801316419701262e-05,300.0
85.0,1.75,0.00031452696685472457,300.0
85.0,2.0,0.0009122108467840162,300.0
85.0,2.25,0.0024130140784138095,300.0
85.0,2.5,0.005865053935384915,300.0
85.0,2.75,0.013180952210977018,300.0
85.0,3.0,0.027537847309085536,300.0
85.0,3.25,0.053738135536627964,300.0
85.0,3.5,0.09836423207201264,300.0
85.0,3.75,0.1695266997470971,300.0
85.0,4.0,0.27603940794355447,300.0
85.0,4.25,0.4259772870368838,300.0
85.0,4.5,0.6247657652574717,300.0
85.0,4.75,0.8731602827227012,300.0
85.0,5.0,1.1656195439473183,300.0
85.0,5.25,1.4895857232248781,300.0
85.0,5.5,1.8260291783846216,300.0
85.0,5.75,2.151325571235108,300.0
85.0,6.0,2.440194116220763,300.0
85.0,6.25,2.6691437076256666,300.0
85.0,6.5,2.819737336775336,300.0
85.0,6.75,2.8810326300186193,300.0
85.0,7.0,2.8507648071362035,300.0
85.0,7.25,2.7351374652119063,300.0
85.0,7.5,2.5473868990297563,300.0
85.0,7.75,2.305509751291237,300.0
85.0,8.0,2.029647890331565,300.0
85.0,8.25,1.7396049907869078,300.0
85.0,8.5,1.4528555402892371,300.0
85.0,8.75,1.1832452393680126,300.0
85.0,9.0,0.9404188405420361,300.0
85.0,9.25,0.7298844144563932,300.0
85.0,9.5,0.5536232348853753,300.0
85.0,9.75,0.41383711692403685,300.0
85.0,10.0,0.41383711692403685,300.0
90.0,0.0,0.0,300.0
90.0,0.25,2.718533265350647e-08,300.0
90.0,0.5,2.3790482535043308e-07,300.0
90.0,0.75,1.4130493601666524e-06,300.0
90.0,1.0,6.770986339026819e-06,300.0
90.0,1.25,2.770747219291859e-05,300.0
90.0,1.5,9.955723383125935e-05,300.0
90.0,1.75,0.0003194819292063072,300.0
90.0,2.0,0.0009265815395309676,300.0
90.0,2.25,0.0024510279696395533,300.0
90.0,2.5,0.005957450214484376,300.0
90.0,2.75,0.013388600930369761,300.0
90.0,3.0,0.027971670194934108,300.0
90.0,3.25,0.054584709808303794,300.0
90.0,3.5,0.09991383231880444,300.0
90.0,3.75,0.17219737190214518,300.0
90.0,4.0,0.2803880489614095,300.0
90.0,4.25,0.4326880038724513,300.0
90.0,4.5,0.6346081354134148,300.0
90.0,4.75,0.8869157846745377,300.0
90.0,5.0,1.1839823602827564,300.0
90.0,5.25,1.5130522043576098,300.0
90.0,5.5,1.854795887523571,300.0
90.0,5.75,2.185216900939423,300.0
90.0,6.0,2.4786361932320444,300.0
90.0,6.25,2.7111925869416433,300.0
90.0,6.5,2.864158622360588,300.0
90.0,6.75,2.9264195430091426,300.0
90.0,7.0,2.8956748900110334,300.0
90.0,7.25,2.7782259900369404,300.0
90.0,7.5,2.5875176584407726,300.0
90.0,7.75,2.3418300515683534,300.0
90.0,8.0,2.06162234663143,300.0
90.0,8.25,1.767010199341082,300.0
90.0,8.5,1.4757433850989554,300.0
90.0,8.75,1.201885725393973,300.0
90.0,9.0,0.9552339132452737,300.0
90.0,9.25,0.7413827917685653,300.0
90.0,9.5,0.5623448471222742,300.0
90.0,9.75,0.42035658112658514,300.0
90.0,10.0,0.42035658112658514,300.0
95.0,0.0,0.0,300.0
95.0,0.25,2.7439353323854754e-08,300.0
95.0,0.5,2.4012781610728994e-07,300.0
95.0,0.75,1.4262529413116864e-06,300.0
95.0,1.0,6.834254665008059e-06,300.0
95.0,1.25,2.796637175270675e-05,300.0
95.0,1.5,0.00010048750000017214,300.0
95.0,1.75,0.0003224671791857365,300.0
95.0,2.0,0.0009352395488522866,300.0
95.0,2.25,0.0024739304580834887,300.0
95.0,2.5,0.006013116831241545,300.0
95.0,2.75,0.01351370447128137,300.0
95.0,3.0,0.02823303842925838,300.0
95.0,3.25,0.055094751186540704,300.0
95.0,3.5,0.10084743055350238,300.0
95.0,3.75,0.1738063899792458,300.0
95.0,4.0,0.28300800438918466,300.0
95.0,4.25,0.43673105523610545,300.0
95.0,4.5,0.6405379353222558,300.0
95.0,4.75,0.8952031557981666,300.0
95.0,5.0,1.195045531541538,300.0
95.0,5.25,1.527190215372066,300.0
95.0,5.5,1.8721271630713145,300.0
95.0,5.75,2.205635641607141,300.0
95.0,6.0,2.5017966536817324,300.0
95.0,6.25,2.7365260621865803,300.0
95.0,6.5,2.8909214173982427,300.0
95.0,6.75,2.953764106178038,300.0
95.0,7.0,2.9227321740858385,300.0
95.0,7.25,2.8041858276034457,300.0
95.0,7.5,2.611695510895401,300.0
95.0,7.75,2.36371219070743,300.0
95.0,8.0,2.0808862154953065,300.0
95.0,8.25,1.7835212023371219,300.0
95.0,8.5,1.4895327811355343,300.0
95.0,8.75,1.2131161862022426,300.0
95.0,9.0,0.9641596511863645,300.0
95.0,9.25,0.7483102976060485,300.0
95.0,9.5,0.5675994163577442,300.0
95.0,9.75,0.4242844072095871,300.0
95.0,10.0,0.4242844072095871,300.0
100.0,0.0,0.0,300.0
100.0,0.25,2.7524201252572695e-08,300.0
100.0,0.5,2.408703389933984e-07,300.0
100.0,0.75,1.430663198596166e-06,300.0
100.0,1.0,6.855387537406075e-06,300.0
100.0,1.25,2.8052849327006882e-05,300.0
100.0,1.5,0.00010079822730232191,300.0
100.0,1.75,0.00032346431173053345,300.0
100.0,2.0,0.0009381314952309442,300.0
100.0,2.25,0.002481580342261163,300.0
100.0,2.5,0.006031710582387633,300.0
100.0,2.75,0.013555491528636344,300.0
100.0,3.0,0.02832034058968336,300.0
100.0,3.25,0.05526511509606855,300.0
100.0,3.5,0.10115927083152051,300.0
100.0,3.75,0.17434383384519025,300.0
100.0,4.0,0.28388312132772786,300.0
100.0,4.25,0.4380815143676584,300.0
100.0,4.5,0.642518605789885,300.0
100.0,4.75,0.8979713016869032,300.0
100.0,5.0,1.1987408495837997,300.0
100.0,5.25,1.5319125907164215,300.0
100.0,5.5,1.877916151936036,300.0
100.0,5.75,2.212455904895328,300.0
100.0,6.0,2.5095327056112455,300.0
100.0,6.25,2.744987944042226,300.0
100.0,6.5,2.8998607203380606,300.0
100.0,6.75,2.962897731181591,300.0
100.0,7.0,2.931769842189169,300.0
100.0,7.25,2.8128569268642254,300.0
100.0,7.5,2.6197713918791368,300.0
100.0,7.75,2.3710212580320156,300.0
100.0,8.0,2.087320728755717,300.0
100.0,8.25,1.7890362039429932,300.0
100.0,8.5,1.4941387121806193,300.0
100.0,8.75,1.2168673822625848,300.0
100.0,9.0,0.9671410242191878,300.0
100.0,9.25,0.7506242215891101,300.0
100.0,9.5,0.5693545464232753,300.0
100.0,9.75,0.42559637881781387,300.0
100.0,10.0,0.42559637881781387,300.0
105.0,0.0,0.0,300.0
105.0,0.25,2.743935332385475e-08,300.0
105.0,0.5,2.4012781610728994e-07,300.0
105.0,0.75,1.4262529413116864e-06,300.0
105.0,1.0,6.834254665008059e-06,300.0
105.0,1.25,2.796637175270675e-05,300.0
105.0,1.5,0.00010048750000017215,300.0
105.0,1.75,0.0003224671791857365,300.0
105.0,2.0,0.0009352395488522866,300.0
105.0,2.25,0.0024739304580834887,300.0
105.0,2.5,0.006013116831241545,300.0
105.0,2.75,0.01351370447128137,300.0
105.0,3.0,0.02823303842925838,300.0
105.0,3.25,0.055094751186540704,300.0
105.0,3.5,0.10084743055350238,300.0
105.0,3.75,0.1738063899792458,300.0
105.0,4.0,0.28300800438918466,300.0
105.0,4.25,0.43673105523610545,300.0
105.0,4.5,0.6405379353222558,300.0
105.0,4.75,0.8952031557981666,300.0
105.0,5.0,1.195045531541538,300.0
105.0,5.25,1.527190215372066,300.0
105.0,5.5,1.8721271630713145,300.0
105.0,5.75,2.205635641607141,300.0
105.0,6.0,2.5017966536817324,300.0
105.0,6.25,2.7365260621865803,300.0
105.0,6.5,2.8909214173982427,300.0
105.0,6.75,2.953764106178038,300.0
105.0,7.0,2.9227321740858385,300.0
105.0,7.25,2.8041858276034457,300.0
105.0,7.5,2.611695510895401,300.0
105.0,7.75,2.36371219070743,300.0
105.0,8.0,2.0808862154953065,300.0
105.0,8.25,1.7835212023371219,300.0
105.0,8.5,1.4895327811355343,300.0
105.0,8.75,1.2131161862022426,300.0
105.0,9.0,0.9641596511863645,300.0
105.0,9.25,0.7483102976060485,300.0
105.0,9.5,0.5675994163577442,300.0
105.0,9.75,0.4242844072095871,300.0
105.0,10.0,0.4242844072095871,300.0
110.0,0.0,0.0,300.0
110.0,0.25,2.7185332653506467e-08,300.0
110.0,0.5,2.379048253504331e-07,300.0
110.0,0.75,1.4130493601666524e-06,300.0
110.0,1.0,6.770986339026819e-06,300.0
110.0,1.25,2.770747219291859e-05,300.0
110.0,1.5,9.955723383125936e-05,300.0
110.0,1.75,0.0003194819292063072,300.0
110.0,2.0,0.0009265815395309676,300.0
110.0,2.25,0.0024510279696395533,300.0
110.0,2.5,0.005957450214484376,300.0
110.0,2.75,0.013388600930369761,300.0
110.0,3.0,0.027971670194934108,300.0
110.0,3.25,0.054584709808303794,300.0
110.0,3.5,0.09991383231880444,300.0
110.0,3.75,0.17219737190214518,300.0
110.0,4.0,0.2803880489614095,300.0
110.0,4.25,0.4326880038724513,300.0
110.0,4.5,0.6346081354134148,300.0
110.0,4.75,0.8869157846745377,300.0
110.0,5.0,1.1839823602827564,300.0
110.0,5.25,1.5130522043576098,300.0
110.0,5.5,1.854795887523571,300.0
110.0,5.75,2.185216900939423,300.0
110.0,6.0,2.4786361932320444,300.0
110.0,6.25,2.7111925869416433,300.0
110.0,6.5,2.864158622360588,300.0
110.0,6.75,2.9264195430091426,300.0
110.0,7.0,2.8956748900110334,300.0
110.0,7.25,2.7782259900369404,300.0
110.0,7.5,2.5875176584407726,300.0
110.0,7.75,2.3418300515683534,300.0
110.0,8.0,2.06162234663143,300.0
110.0,8.25,1.767010199341082,300.0
110.0,8.5,1.4757433850989554,300.0
110.0,8.75,1.201885725393973,300.0
110.0,9.0,0.9552339132452737,300.0
110.0,9.25,0.7413827917685653,300.0
110.0,9.5,0.5623448471222742,300.0
110.0,9.75,0.42035658112658514,300.0
110.0,10.0,0.42035658112658514,300.0
115.0,0.0,0.0,300.0
115.0,0.25,2.6763705363755456e-08,300.0
115.0,0.5,2.3421507220289531e-07,300.0
115.0,0.75,1.3911338596462067e-06,300.0
115.0,1.0,6.665972629810641e-06,300.0
115.0,1.25,2.7277746849845192e-05,300.0
115.0,1.5,9.801316419701263e-05,300.0
115.0,1.75,0.00031452696685472457,300.0
115.0,2.0,0.0009122108467840162,300.0
115.0,2.25,0.0024130140784138095,300.0
115.0,2.5,0.005865053935384915,300.0
115.0,2.75,0.013180952210977018,300.0
115.0,3.0,0.027537847309085536,300.0
115.0,3.25,0.053738135536627964,300.0
115.0,3.5,0.09836423207201264,300.0
115.0,3.75,0.1695266997470971,300.0
115.0,4.0,0.27603940794355447,300.0
115.0,4.25,0.4259772870368838,300.0
115.0,4.5,0.6247657652574717,300.0
115.0,4.75,0.8731602827227012,300.0
115.0,5.0,1.1656195439473183,300.0
115.0,5.25,1.4895857232248781,300.0
115.0,5.5,1.8260291783846216,300.0
115.0,5.75,2.151325571235108,300.0
115.0,6.0,2.440194116220763,300.0
115.0,6.25,2.6691437076256666,300.0
115.0,6.5,2.819737336775336,300.0
115.0,6.75,2.8810326300186193,300.0
115.0,7.0,2.8507648071362035,300.0
115.0,7.25,2.7351374652119063,300.0
115.0,7.5,2.5473868990297563,300.0
115.0,7.75,2.305509751291237,300.0
115.0,8.0,2.0296478903315647,300.0
115.0,8.25,1.7396049907869076,300.0
115.0,8.5,1.4528555402892371,300.0
115.0,8.75,1.1832452393680126,300.0
115.0,9.0,0.9404188405420361,300.0
115.0,9.25,0.7298844144563932,300.0
115.0,9.5,0.5536232348853753,300.0
115.0,9.75,0.41383711692403685,300.0
115.0,10.0,0.41383711692403685,300.0
120.0,0.0,0.0,300.0
120.0,0.25,2.617707092756919e-08,300.0
120.0,0.5,2.2908130522434433e-07,300.0
120.0,0.75,1.3606415561255812e-06,300.0
120.0,1.0,6.519860981925464e-06,300.0
120.0,1.25,2.66798451236446e-05,300.0
120.0,1.5,9.586481080203282e-05,300.0
120.0,1.75,0.00030763284112745226,300.0
120.0,2.0,0.0008922160707277838,300.0
120.0,2.25,0.002360123152730462,300.0
120.0,2.5,0.005736497647833751,300.0
120.0,2.75,0.01289203853674055,300.0
120.0,3.0,0.02693424443454079,300.0
120.0,3.25,0.052560247784323263,300.0
120.0,3.5,0.0962081836155739,300.0
120.0,3.75,0.16581083909877212,300.0
120.0,4.0,0.26998889215792443,300.0
120.0,4.25,0.4166402785367827,300.0
120.0,4.5,0.6110715063486892,300.0
120.0,4.75,0.8540214571990029,300.0
120.0,5.0,1.1400702954205202,300.0
120.0,5.25,1.4569354506536054,300.0
120.0,5.5,1.786004392006014,300.0
120.0,5.75,2.104170603838797,300.0
120.0,6.0,2.386707430865288,300.0
120.0,6.25,2.610638669593016,300.0
120.0,6.5,2.757931432670675,300.0
120.0,6.75,2.817883192647889,300.0
120.0,7.0,2.7882788110847523,300.0
120.0,7.25,2.675185908238086,300.0
120.0,7.5,2.4915506521616955,300.0
120.0,7.75,2.2549752166244517,300.0
120.0,8.0,1.9851599797675104,300.0
120.0,8.25,1.7014745389114903,300.0
120.0,8.5,1.4210103578908035,300.0
120.0,8.75,1.157309652927082,300.0
120.0,9.0,0.9198057729321657,300.0
120.0,9.25,0.7138860569934584,300.0
120.0,9.5,0.5414883512896916,300.0
120.0,9.75,0.4047662092687673,300.0
120.0,10.0,0.4047662092687673,300.0
125.0,0.0,0.0,300.0
125.0,0.25,2.5429046142010924e-08,300.0
125.0,0.5,2.2253517580136217e-07,300.0
125.0,0.75,1.3217604448312306e-06,300.0
125.0,1.0,6.333552222436762e-06,300.0
125.0,1.25,2.5917453277968416e-05,300.0
125.0,1.5,9.312541896184577e-05,300.0
125.0,1.75,0.0002988420566098922,300.0
125.0,2.0,0.0008667204858278352,300.0
125.0,2.25,0.002292681282792384,300.0
125.0,2.5,0.005572573944231807,300.0
125.0,2.75,0.012523641156842411,300.0
125.0,3.0,0.026164582984369078,300.0
125.0,3.25,0.05105830862227371,300.0
125.0,3.5,0.09345897970733687,300.0
125.0,3.75,0.1610726994773456,300.0
125.0,4.0,0.2622738050521011,300.0
125.0,4.25,0.4047345441430772,300.0
125.0,4.5,0.5936097883593762,300.0
125.0,4.75,0.8296173053438141,300.0
125.0,5.0,1.1074921343371045,300.0
125.0,5.25,1.4153026864581486,300.0
125.0,5.5,1.7349682945368272,300.0
125.0,5.75,2.0440427248407427,300.0
125.0,6.0,2.318505900405739,300.0
125.0,6.25,2.5360381758986548,300.0
125.0,6.5,2.6791219640389063,300.0
125.0,6.75,2.737360568217518,300.0
125.0,7.0,2.7086021488385263,300.0
125.0,7.25,2.5987409404342463,300.0
125.0,7.5,2.4203531668960307,300.0
125.0,7.75,2.1905380098043463,300.0
125.0,8.0,1.9284328977229377,300.0
125.0,8.25,1.6528539306474843,300.0
125.0,8.5,1.3804041740562099,300.0
125.0,8.75,1.1242388675963304,300.0
125.0,9.0,0.8935217968396666,300.0
125.0,9.25,0.693486354579062,300.0
125.0,9.5,0.526015011931778,300.0
125.0,9.75,0.393199783325596,300.0
125.0,10.0,0.393199783325596,300.0
130.0,0.0,0.0,300.0
130.0,0.25,2.452424282944507e-08,300.0
130.0,0.5,2.1461704300578938e-07,300.0
130.0,0.75,1.2747302407857802e-06,300.0
130.0,1.0,6.108195007001782e-06,300.0
130.0,1.25,2.49952717128826e-05,300.0
130.0,1.5,8.981187794099251e-05,300.0
130.0,1.75,0.00028820881142105245,300.0
130.0,2.0,0.0008358812808696454,300.0
130.0,2.25,0.0022111042702233786,300.0
130.0,2.5,0.005374293468886945,300.0
130.0,2.75,0.01207803136399882,300.0
130.0,3.0,0.025233608178096858,300.0
130.0,3.25,0.049241578006288936,300.0
130.0,3.5,0.09013357010616038,300.0
130.0,3.75,0.15534149309348733,300.0
130.0,4.0,0.2529417127104659,300.0
130.0,4.25,0.3903334866776473,300.0
130.0,4.5,0.5724882686022008,300.0
130.0,4.75,0.8000982868883825,300.0
130.0,5.0,1.0680859159191374,300.0
130.0,5.25,1.364944110505722,300.0
130.0,5.5,1.673235540526567,300.0
130.0,5.75,1.9713126426518603,300.0
130.0,6.0,2.2360100100027798,300.0
130.0,6.25,2.44580216344162,300.0
130.0,6.5,2.5837948175096046,300.0
130.0,6.75,2.6399612055309674,300.0
130.0,7.0,2.6122260535599926,300.0
130.0,7.25,2.506273870487958,300.0
130.0,7.5,2.334233399440707,300.0
130.0,7.75,2.1125954076690374,300.0
130.0,8.0,1.859816385547644,300.0
130.0,8.25,1.5940429282332436,300.0
130.0,8.5,1.331287339427728,300.0
130.0,8.75,1.0842367757766915,300.0
130.0,9.0,0.861728961726546,300.0
130.0,9.25,0.6688110781687711,300.0
130.0,9.5,0.5072986150988525,300.0
130.0,9.75,0.37920914995994764,300.0
130.0,10.0,0.37920914995994764,300.0
135.0,0.0,0.0,300.0
135.0,0.25,2.346823940407352e-08,300.0
135.0,0.5,2.0537572476723207e-07,300.0
135.0,0.75,1.219840900882868e-06,300.0
135.0,1.0,5.845178738014338e-06,300.0
135.0,1.25,2.391898598529293e-05,300.0
135.0,1.5,8.594461682493652e-05,300.0
135.0,1.75,0.00027579866306361097,300.0
135.0,2.0,0.0007998885898360076,300.0
135.0,2.25,0.0021158950645090865,300.0
135.0,2.5,0.005142878687046624,300.0
135.0,2.75,0.01155795649116511,300.0
135.0,3.0,0.024147059785810162,300.0
135.0,3.25,0.04712125668631831,300.0
135.0,3.5,0.08625245707087219,300.0
135.0,3.75,0.1486525547451303,300.0
135.0,4.0,0.24205015059309357,300.0
135.0,4.25,0.3735258934599499,300.0
135.0,4.5,0.5478371682862488,300.0
135.0,4.75,0.7656463964194599,300.0
135.0,5.0,1.0220945926353573,300.0
135.0,5.25,1.306170200197912,300.0
135.0,5.5,1.6011867329731682,300.0
135.0,5.75,1.8864287624607596,300.0
135.0,6.0,2.1397283743042337,300.0
135.0,6.25,2.340486967298431,300.0
135.0,6.5,2.4725377166942843,300.0
135.0,6.75,2.526285604100015,300.0
135.0,7.0,2.4997447159739794,300.0
135.0,7.25,2.398354788678567,300.0
135.0,7.5,2.2337223068392182,300.0
135.0,7.75,2.0216279523129064,300.0
135.0,8.0,1.7797334868844286,300.0
135.0,8.25,1.5254041210778122,300.0
135.0,8.5,1.2739626756415032,300.0
135.0,8.75,1.0375500036797558,300.0
135.0,9.0,0.8246232810034918,300.0
135.0,9.25,0.6400123590542893,300.0
135.0,9.5,0.4854545536063738,300.0
135.0,9.75,0.3628805660824729,300.0
135.0,10.0,0.3628805660824729,300.0
140.0,0.0,0.0,300.0
140.0,0.25,2.2267546479107248e-08,300.0
140.0,0.5,1.94868196893857e-07,300.0
140.0,0.75,1.1574308362038999e-06,300.0
140.0,1.0,5.546124998464774e-06,300.0
140.0,1.25,2.2695231755546254e-05,300.0
140.0,1.5,8.154747856778127e-05,300.0
140.0,1.75,0.00026168812423954903,300.0
140.0,2.0,0.000758964319666192,300.0
140.0,2.25,0.0020076406621419582,300.0
140.0,2.5,0.004879756347983071,300.0
140.0,2.75,0.01096662297329229,300.0
140.0,3.0,0.022911636740517778,300.0
140.0,3.25,0.044710417150015704,300.0
140.0,3.5,0.08183956895686945,300.0
140.0,3.75,0.14104712396642857,300.0
140.0,4.0,0.22966626881009122,300.0
140.0,4.25,0.35441538890304225,300.0
140.0,4.5,0.519808469659073,300.0
140.0,4.75,0.7264740413209446,300.0
140.0,5.0,0.9698017163168502,300.0
140.0,5.25,1.2393433162723229,300.0
140.0,5.5,1.5192660767766715,300.0
140.0,5.75,1.7899144216640668,300.0
140.0,6.0,2.030254601663839,300.0
140.0,6.25,2.2207418907294025,300.0
140.0,6.5,2.3460365986719305,300.0
140.0,6.75,2.397034611862691,300.0
140.0,7.0,2.371851620981555,300.0
140.0,7.25,2.275649052078579,300.0
140.0,7.5,2.1194395734416864,300.0
140.0,7.75,1.9181964883829319,300.0
140.0,8.0,1.688677939462818,300.0
140.0,8.25,1.447360690275402,300.0
140.0,8.5,1.2087836083304928,300.0
140.0,8.75,0.9844663907944209,300.0
140.0,9.0,0.7824335235414606,300.0
140.0,9.25,0.6072677509230539,300.0
140.0,9.5,0.4606175033626775,300.0
140.0,9.75,0.34431470284631266,300.0
140.0,10.0,0.34431470284631266,300.0
145.0,0.0,0.0,300.0
145.0,0.25,2.092956672661906e-08,300.0
145.0,0.5,1.8315924179713612e-07,300.0
145.0,0.75,1.0878848255985282e-06,300.0
145.0,1.0,5.212877554328874e-06,300.0
145.0,1.25,2.133155387632621e-05,300.0
145.0,1.5,7.664757299234568e-05,300.0
145.0,1.75,0.0002459641911233171,300.0
145.0,2.0,0.0007133607821242005,300.0
145.0,2.25,0.0018870084875883212,300.0
145.0,2.5,0.004586548688599143,300.0
145.0,2.75,0.010307676578566216,300.0
145.0,3.0,0.021534955836954334,300.0
145.0,3.25,0.04202392302641555,300.0
145.0,3.5,0.0769221126896886,300.0
145.0,3.75,0.13257209077204282,300.0
145.0,4.0,0.21586641811840657,300.0
145.0,4.25,0.3331197956339662,300.0
145.0,4.5,0.48857497898467056,300.0
145.0,4.75,0.6828227322104701,300.0
145.0,5.0,0.9115296899640984,300.0
145.0,5.25,1.164875468726127,300.0
145.0,5.5,1.4279786400659338,300.0
145.0,5.75,1.6823646633146672,300.0
145.0,6.0,1.908263634345436,300.0
145.0,6.25,2.087305202005078,300.0
145.0,6.5,2.205071384955732,300.0
145.0,6.75,2.25300510421969,300.0
145.0,7.0,2.229335272092187,300.0
145.0,7.25,2.138913182403487,300.0
145.0,7.5,1.9920897903425243,300.0
145.0,7.75,1.8029387052830064,300.0
145.0,8.0,1.587211131040174,300.0
145.0,8.25,1.3603937995519293,300.0
145.0,8.5,1.1361519881369007,300.0
145.0,8.75,0.9253132152599514,300.0
145.0,9.0,0.7354198032349395,300.0
145.0,9.25,0.5707791351802918,300.0
145.0,9.5,0.4329405930469216,300.0
145.0,9.75,0.32362602497575627,300.0
145.0,10.0,0.32362602497575627,300.0
150.0,0.0,0.0,300.0
150.0,0.25,1.9462549237557843e-08,300.0
150.0,0.5,1.7032104908629405e-07,300.0
150.0,0.75,1.0116316433924703e-06,300.0
150.0,1.0,4.8474909871250206e-06,300.0
150.0,1.25,1.9836359876076816e-05,300.0
150.0,1.5,7.127510964891107e-05,300.0
150.0,1.75,0.00022872380700091665,300.0
150.0,2.0,0.0006633591382111992,300.0
150.0,2.25,0.0017547422783903196,300.0
150.0,2.5,0.004265063431788118,300.0
150.0,2.75,0.009585179931011769,300.0
150.0,3.0,0.02002550477146143,300.0
150.0,3.25,0.03907833744662835,300.0
150.0,3.5,0.07153040602510312,300.0
150.0,3.75,0.12327970656433954,300.0
150.0,4.0,0.20073567919359664,300.0
150.0,4.25,0.3097704080774335,300.0
150.0,4.5,0.4543292611344911,300.0
150.0,4.75,0.6349615939449039,300.0
150.0,5.0,0.8476377800236793,300.0
150.0,5.25,1.0832257766354632,300.0
150.0,5.5,1.327887240283341,300.0
150.0,5.75,1.5644425674807816,300.0
150.0,6.0,1.7745075872766087,300.0
150.0,6.25,1.9409995827338449,300.0
150.0,6.5,2.050511173014579,300.0
150.0,6.75,2.095085071029596,300.0
150.0,7.0,2.073074330034634,300.0
150.0,7.25,1.9889902018013137,300.0
150.0,7.5,1.8524581113398157,300.0
150.0,7.75,1.6765652056048153,300.0
150.0,8.0,1.4759586382579175,300.0
150.0,8.25,1.2650396287293781,300.0
150.0,8.5,1.056515613168344,300.0
150.0,8.75,0.8604551760866612,300.0
150.0,9.0,0.683871975312726,300.0
150.0,9.25,0.5307714762826155,300.0
150.0,9.5,0.402594460019569,300.0
150.0,9.75,0.3009420850529501,300.0
150.0,10.0,0.3009420850529501,300.0
155.0,0.0,0.0,300.0
155.0,0.25,1.7875538663312714e-08,300.0
155.0,0.5,1.5643277049495107e-07,300.0
155.0,0.75,9.291414158487794e-07,300.0
155.0,1.0,4.452218026724348e-06,300.0
155.0,1.25,1.8218868123746853e-05,300.0
155.0,1.5,6.546321156313071e-05,300.0
155.0,1.75,0.00021007326458177488,300.0
155.0,2.0,0.0006092676647129303,300.0
155.0,2.25,0.0016116574997726847,300.0
155.0,2.5,0.003917282641211442,300.0
155.0,2.75,0.008803587463043784,300.0
155.0,3.0,0.018392589812474266,300.0
155.0,3.25,0.035891820926547344,300.0
155.0,3.5,0.06569769062993012,300.0
155.0,3.75,0.11322726198587198,300.0
155.0,4.0,0.18436733807877706,300.0
155.0,4.25,0.28451118298144656,300.0
155.0,4.5,0.41728245236012745,300.0
155.0,4.75,0.5831857063749694,300.0
155.0,5.0,0.778519901389678,300.0
155.0,5.25,0.9948976375318364,300.0
155.0,5.5,1.2196089742259688,300.0
155.0,5.75,1.4368751631344143,300.0
155.0,6.0,1.6298111110074043,300.0
155.0,6.25,1.782727055753477,300.0
155.0,6.5,1.8833088779953653,300.0
155.0,6.75,1.9242481418533892,300.0
155.0,7.0,1.9040321955188049,300.0
155.0,7.25,1.8268044353383983,300.0
155.0,7.5,1.7014054121990068,300.0
155.0,7.75,1.5398551240248022,300.0
155.0,8.0,1.3556063697520515,300.0
155.0,8.25,1.1618860679977225,300.0
155.0,8.5,0.9703654681726923,300.0
155.0,8.75,0.7902921446645373,300.0
155.0,9.0,0.6281078492835327,300.0
155.0,9.25,0.48749143475695944,300.0
155.0,9.5,0.36976619828604884,300.0
155.0,9.75,0.27640273711362634,300.0
155.0,10.0,0.27640273711362634,300.0
160.0,0.0,0.0,300.0
160.0,0.25,1.617831945238886e-08,300.0
160.0,0.5,1.4158003188400965e-07,300.0
160.0,0.75,8.409227226810006e-07,300.0
160.0,1.0,4.029495662511984e-06,300.0
160.0,1.25,1.6489050994439287e-05,300.0
160.0,1.5,5.924771102141772e-05,300.0
160.0,1.75,0.00019012755066838608,300.0
160.0,2.0,0.000551419853569501,300.0
160.0,2.25,0.0014586363170250257,300.0
160.0,2.5,0.0035453505012089407,300.0
160.0,2.75,0.00796771795239185,300.0
160.0,3.0,0.016646278424244883,300.0
160.0,3.25,0.03248401940115786,300.0
160.0,3.5,0.05945992713597308,300.0
160.0,3.75,0.10247673370330333,300.0
160.0,4.0,0.16686231104480487,300.0
160.0,4.25,0.2574978518755639,300.0
160.0,4.5,0.3776629585673853,300.0
160.0,4.75,0.5278142850788548,300.0
160.0,5.0,0.7046021887861,300.0
160.0,5.25,0.900435623787365,300.0
160.0,5.5,1.1038114134367643,300.0
160.0,5.75,1.3004489457738724,300.0
160.0,6.0,1.4750663074631738,300.0
160.0,6.25,1.6134634238579864,300.0
160.0,6.5,1.7044953576818112,300.0
160.0,6.75,1.7415475832020888,300.0
160.0,7.0,1.7232510695478098,300.0
160.0,7.25,1.6533558122259824,300.0
160.0,7.5,1.5398629830657637,300.0
160.0,7.75,1.3936513236782828,300.0
160.0,8.0,1.226896337297074,300.0
160.0,8.25,1.0515690933753974,300.0
160.0,8.5,0.878232697453031,300.0
160.0,8.75,0.715256699422542,300.0
160.0,9.0,0.5684712295342313,300.0
160.0,9.25,0.4412058464560816,300.0
160.0,9.5,0.33465820499976595,300.0
160.0,9.75,0.25015927440030383,300.0
160.0,10.0,0.25015927440030383,300.0
165.0,0.0,0.0,300.0
165.0,0.25,1.4381355525996772e-08,300.0
165.0,0.5,1.2585440532946858e-07,300.0
165.0,0.75,7.475194614884624e-07,300.0
165.0,1.0,3.5819301185292166e-06,300.0
165.0,1.25,1.4657573386370589e-05,300.0
165.0,1.5,5.266692865286987e-05,300.0
165.0,1.75,0.00016900963722407564,300.0
165.0,2.0,0.0004901723557856394,300.0
165.0,2.25,0.0012966221566567677,300.0
165.0,2.5,0.00315156009718289,300.0
165.0,2.75,0.007082724812718891,300.0
165.0,3.0,0.014797337197547989,300.0
165.0,3.25,0.02887594310075918,300.0
165.0,3.5,0.052855573430668205,300.0
165.0,3.75,0.09109440230047834,300.0
165.0,4.0,0.14832852240764227,300.0
165.0,4.25,0.2288969609338326,300.0
165.0,4.5,0.335715047117347,300.0
165.0,4.75,0.46918871329124484,300.0
165.0,5.0,0.6263403695035876,300.0
165.0,5.25,0.8004221251437775,300.0
165.0,5.5,0.9812084884025277,300.0
165.0,5.75,1.1560050284158228,300.0
165.0,6.0,1.3112272298377432,300.0
165.0,6.25,1.4342522536470212,300.0
165.0,6.5,1.5151730569115243,300.0
165.0,6.75,1.5481098047966053,300.0
165.0,7.0,1.5318455279004568,300.0
165.0,7.25,1.469713700922521,300.0
165.0,7.5,1.3688267867511412,300.0
165.0,7.75,1.2388551996267374,300.0
165.0,8.0,1.090622081055649,300.0
165.0,8.25,0.9347688457048613,300.0
165.0,8.5,0.7806853301857821,300.0
165.0,8.75,0.6358114588382721,300.0
165.0,9.0,0.505329795661126,300.0
165.0,9.25,0.3922000774265401,300.0
165.0,9.5,0.297486932616163,300.0
165.0,9.75,0.22237349658901034,300.0
165.0,10.0,0.22237349658901034,300.0
170.0,0.0,0.0,300.0
170.0,0.25,1.24957257644767e-08,300.0
170.0,0.5,1.0935284454993438e-07,300.0
170.0,0.75,6.495074944455919e-07,300.0
170.0,1.0,3.1122807852303027e-06,300.0
170.0,1.25,1.2735726968205147e-05,300.0
170.0,1.5,4.576143716977126e-05,300.0
170.0,1.75,0.0001468497232097092,300.0
170.0,2.0,0.0004259027825579516,300.0
170.0,2.25,0.0011266138898571698,300.0
170.0,2.5,0.0027383392779596,300.0
170.0,2.75,0.006154064321102594,300.0
170.0,3.0,0.012857165470048703,300.0
170.0,3.25,0.02508983701587015,300.0
170.0,3.5,0.045925347551351914,300.0
170.0,3.75,0.07915044363646889,300.0
170.0,4.0,0.12888023913887842,300.0
170.0,4.25,0.1988848441619693,300.0
170.0,4.5,0.29169734083647464,300.0
170.0,4.75,0.4076704371616309,300.0
170.0,5.0,0.5442169536884487,300.0
170.0,5.25,0.6954737580851523,300.0
170.0,5.5,0.8525560869340636,300.0
170.0,5.75,1.0044339558527222,300.0
170.0,6.0,1.1393040005369965,300.0
170.0,6.25,1.2461984415894776,300.0
170.0,6.5,1.3165092106356857,300.0
170.0,6.75,1.3451274148759855,300.0
170.0,7.0,1.3309956493997626,300.0
170.0,7.25,1.2770103161204602,300.0
170.0,7.5,1.1893513182887119,300.0
170.0,7.75,1.0764211214567037,300.0
170.0,8.0,0.9476237771389565,300.0
170.0,8.25,0.8122054373575908,300.0
170.0,8.5,0.6783247783315184,300.0
170.0,8.75,0.5524462292408847,300.0
170.0,9.0,0.43907283560273347,300.0
170.0,9.25,0.34077626453194837,300.0
170.0,9.5,0.2584815543912312,300.0
170.0,9.75,0.1932167122403897,300.0
170.0,10.0,0.1932167122403897,300.0
175.0,0.0,0.0,300.0
175.0,0.25,1.0533055702307134e-08,300.0
175.0,0.5,9.217708715461745e-08,300.0
175.0,0.75,5.474910979195956e-07,300.0
175.0,1.0,2.6234432069202344e-06,300.0
175.0,1.25,1.0735360562152997e-05,300.0
175.0,1.5,3.8573811223293365e-05,300.0
175.0,1.75,0.00012378443186368941,300.0
175.0,2.0,0.00035900737717599893,300.0
175.0,2.25,0.0009496596741214355,300.0
175.0,2.5,0.002308235687292024,300.0
175.0,2.75,0.0051874619782683205,300.0
175.0,3.0,0.010837725045585984,300.0
175.0,3.25,0.02114904374944779,300.0
175.0,3.5,0.038711976644988884,300.0
175.0,3.75,0.06671849618801387,300.0
175.0,4.0,0.10863736637176764,300.0
175.0,4.25,0.16764653623945142,300.0
175.0,4.5,0.2458812235207032,300.0
175.0,4.75,0.3436387373183613,300.0
175.0,5.0,0.4587382595068361,300.0
175.0,5.25,0.5862375641918551,300.0
175.0,5.5,0.7186473938660078,300.0
175.0,5.75,0.8466702141475129,300.0
175.0,6.0,0.960356583437775,300.0
175.0,6.25,1.0504614019687577,300.0
175.0,6.5,1.1097286475268295,300.0
175.0,6.75,1.133851867370453,300.0
175.0,7.0,1.1219397403340412,300.0
175.0,7.25,1.0764337382656601,300.0
175.0,7.5,1.0025431036215888,300.0
175.0,7.75,0.9073505492735382,300.0
175.0,8.0,0.7987830576412642,300.0
175.0,8.25,0.6846345125015973,300.0
175.0,8.5,0.5717821287300386,300.0
175.0,8.75,0.46567498499205023,300.0
175.0,9.0,0.37010884555008,300.0
175.0,9.25,0.28725145267865776,300.0
175.0,9.5,0.2178825514521217,300.0
175.0,9.75,0.1628686826254193,300.0
175.0,10.0,0.1628686826254193,300.0
180.0,0.0,0.0,300.0
180.0,0.25,8.505445852820899e-09,300.0
180.0,0.5,7.443302739715781e-08,300.0
180.0,0.75,4.4209923690581677e-07,300.0
180.0,1.0,2.1184312297617346e-06,300.0
180.0,1.25,8.668807092042805e-06,300.0
180.0,1.5,3.114836491662029e-05,300.0
180.0,1.75,9.995596837428229e-05,300.0
180.0,2.0,0.0002898985720507198,300.0
180.0,2.25,0.0007668504910113769,300.0
180.0,2.5,0.0018639010567892541,300.0
180.0,2.75,0.004188877208974114,300.0
180.0,3.0,0.0087514664456761,300.0
180.0,3.25,0.017077859601981417,300.0
180.0,3.5,0.03125993354110918,300.0
180.0,3.75,0.05387520704383345,300.0
180.0,4.0,0.08772470814622729,300.0
180.0,4.25,0.13537463171921307,300.0
180.0,4.5,0.19854916676413054,300.0
180.0,4.75,0.2774883904774931,300.0
180.0,5.0,0.3704312915249501,300.0
180.0,5.25,0.4733870209141117,300.0
180.0,5.5,0.5803080008086536,300.0
180.0,5.75,0.6836864692164021,300.0
180.0,6.0,0.7754882488582167,300.0
180.0,6.25,0.8482479187082897,300.0
180.0,6.5,0.8961062385029003,300.0
180.0,6.75,0.9155857462718955,300.0
180.0,7.0,0.9059666998869705,300.0
180.0,7.25,0.8692205886464663,300.0
180.0,7.5,0.8095538775021178,300.0
180.0,7.75,0.7326858593669247,300.0
180.0,8.0,0.6450175750849594,300.0
180.0,8.25,0.5528425883039049,300.0
180.0,8.5,0.4617142522401827,300.0
180.0,8.75,0.37603269966312824,300.0
180.0,9.0,0.2988630114318667,300.0
180.0,9.25,0.23195564012849895,300.0
180.0,9.5,0.17594023015103996,300.0
180.0,9.75,0.13151651343740567,300.0
180.0,10.0,0.13151651343740567,300.0
185.0,0.0,0.0,300.0
185.0,0.25,6.425397104530691e-09,300.0
185.0,0.5,5.623006330246083e-08,300.0
185.0,0.75,3.3398168725011423e-07,300.0
185.0,1.0,1.6003584204149167e-06,300.0
185.0,1.25,6.548807546759386e-06,300.0
185.0,1.5,2.353087859381667e-05,300.0
185.0,1.75,7.55112431375021e-05,300.0
185.0,2.0,0.00021900244593192256,300.0
185.0,2.25,0.0005793134198924834,300.0
185.0,2.5,0.001408074857112196,300.0
185.0,2.75,0.0031644666201816325,300.0
185.0,3.0,0.006611252147920127,300.0
185.0,3.25,0.012901384776745347,300.0
185.0,3.5,0.023615162562069515,300.0
185.0,3.75,0.040699759349913475,300.0
185.0,4.0,0.0662711979505478,300.0
185.0,4.25,0.10226809761835924,300.0
185.0,4.5,0.14999298842796038,300.0
185.0,4.75,0.20962723551340232,300.0
185.0,5.0,0.2798404915510813,300.0
185.0,5.25,0.3576178893601181,300.0
185.0,5.5,0.43839081610177977,300.0
185.0,5.75,0.5164875700207718,300.0
185.0,6.0,0.585838771530163,300.0
185.0,6.25,0.6408047051481708,300.0
185.0,6.5,0.6769590367249438,300.0
185.0,6.75,0.6916747347712148,300.0
185.0,7.0,0.6844080736462863,300.0
185.0,7.25,0.6566484052129499,300.0
185.0,7.5,0.6115734826647525,300.0
185.0,7.75,0.5535039176149458,300.0
185.0,8.0,0.4872753447880317,300.0
185.0,8.25,0.4176422057910221,300.0
185.0,8.5,0.34879975391283013,300.0
185.0,8.75,0.28407204774541395,300.0
185.0,9.0,0.2257745875019869,300.0
185.0,9.25,0.17522974394987512,300.0
185.0,9.5,0.13291317884342962,300.0
185.0,9.75,0.09935350122322267,300.0
185.0,10.0,0.09935350122322267,300.0
190.0,0.0,0.0,300.0
190.0,0.25,4.305733649019745e-09,300.0
190.0,0.5,3.7680422191716e-08,300.0
190.0,0.75,2.2380502956600577e-07,300.0
190.0,1.0,1.0724188698696784e-06,300.0
190.0,1.25,4.388432427835671e-06,300.0
190.0,1.5,1.5768316588872924e-05,300.0
190.0,1.75,5.0600966005952743e-05,300.0
190.0,2.0,0.00014675609699192537,300.0
190.0,2.25,0.0003882046891169758,300.0
190.0,2.5,0.0009435674082310866,300.0
190.0,2.75,0.0021205460435382273,300.0
190.0,3.0,0.004430277284575473,300.0
190.0,3.25,0.00864536862874333,300.0
190.0,3.5,0.015824796261107152,300.0
190.0,3.75,0.027273384119212873,300.0
190.0,4.0,0.04440910380377459,300.0
190.0,4.25,0.06853104672066018,300.0
190.0,4.5,0.10051205348680245,300.0
190.0,4.75,0.140473658997118,300.0
190.0,5.0,0.18752438197161153,300.0
190.0,5.25,0.23964392469842355,300.0
190.0,5.5,0.2937708063522729,300.0
190.0,5.75,0.34610435334049594,300.0
190.0,6.0,0.39257740351034864,300.0
190.0,6.25,0.42941071764434463,300.0
190.0,6.5,0.45363815752790965,300.0
190.0,6.75,0.4634993186754353,300.0
190.0,7.0,0.45862984418382974,300.0
190.0,7.25,0.44002776613187194,300.0
190.0,7.5,0.40982253405103874,300.0
190.0,7.75,0.37090944024879635,300.0
190.0,8.0,0.326528900035175,300.0
190.0,8.25,0.27986692026394894,300.0
190.0,8.5,0.23373478916559765,300.0
190.0,8.75,0.19035999722849475,300.0
190.0,9.0,0.1512941881912651,300.0
190.0,9.25,0.117423498150873,300.0
190.0,9.5,0.08906667360491631,300.0
190.0,9.75,0.06657794164592293,300.0
190.0,10.0,0.06657794164592293,300.0
195.0,0.0,0.0,300.0
195.0,0.25,2.1595239155714087e-09,300.0
195.0,0.5,1.88984687639494e-08,300.0
195.0,0.75,1.1224853954534063e-07,300.0
195.0,1.0,5.378675008212514e-07,300.0
195.0,1.25,2.2010011654994814e-06,300.0
195.0,1.5,7.908537675093936e-06,300.0
195.0,1.75,2.5378717112866915e-05,300.0
195.0,2.0,7.360494797110978e-05,300.0
195.0,2.25,0.00019470254749449206,300.0
195.0,2.5,0.0004732425528754431,300.0
195.0,2.75,0.0010635515961902864,300.0
195.0,3.0,0.0022219882902098187,300.0
195.0,3.25,0.004336050911433898,300.0
195.0,3.5,0.007936864834586143,300.0
195.0,3.75,0.01367885941564217,300.0
195.0,4.0,0.022273212779681445,300.0
195.0,4.25,0.03437147915380719,300.0
195.0,4.5,0.05041142834468483,300.0
195.0,4.75,0.07045401570483752,300.0
195.0,5.0,0.0940521222758764,300.0
195.0,5.25,0.12019247562132938,300.0
195.0,5.5,0.14733960197564627,300.0
195.0,5.75,0.17358728832422557,300.0
195.0,6.0,0.19689566535463743,300.0
195.0,6.25,0.2153692703794443,300.0
195.0,6.5,0.2275204483474114,300.0
195.0,6.75,0.2324662752556829,300.0
195.0,7.0,0.2300240093206705,300.0
195.0,7.25,0.22069420963821762,300.0
195.0,7.5,0.20554489331413975,300.0
195.0,7.75,0.18602818291117446,300.0
195.0,8.0,0.1637692960877755,300.0
195.0,8.25,0.1403661621534381,300.0
195.0,8.5,0.1172287717538827,300.0
195.0,8.75,0.0954743140545831,300.0
195.0,9.0,0.07588100992003732,300.0
195.0,9.25,0.05889329745308811,300.0
195.0,9.5,0.04467104271628864,300.0
195.0,9.75,0.03339190692617523,300.0
195.0,10.0,0.03339190692617523,300.0
200.0,0.0,0.0,300.0
200.0,0.25,0.0,300.0
200.0,0.5,0.0,300.0
200.0,0.75,0.0,300.0
200.0,1.0,0.0,300.0
200.0,1.25,0.0,300.0
200.0,1.5,0.0,300.0
200.0,1.75,0.0,300.0
200.0,2.0,0.0,300.0
200.0,2.25,0.0,300.0
200.0,2.5,0.0,300.0
200.0,2.75,0.0,300.0
200.0,3.0,0.0,300.0
200.0,3.25,0.0,300.0
200.0,3.5,0.0,300.0
200.0,3.75,0.0,300.0
200.0,4.0,0.0,300.0
200.0,4.25,0.0,300.0
200.0,4.5,0.0,300.0
200.0,4.75,0.0,300.0
200.0,5.0,0.0,300.0
200.0,5.25,0.0,300.0
200.0,5.5,0.0,300.0
200.0,5.75,0.0,300.0
200.0,6.0,0.0,300.0
200.0,6.25,0.0,300.0
200.0,6.5,0.0,300.0
200.0,6.75,0.0,300.0
200.0,7.0,0.0,300.0
200.0,7.25,0.0,300.0
200.0,7.5,0.0,300.0
200.0,7.75,0.0,300.0
200.0,8.0,0.0,300.0
200.0,8.25,0.0,300.0
200.0,8.5,0.0,300.0
200.0,8.75,0.0,300.0
200.0,9.0,0.0,300.0
200.0,9.25,0.0,300.0
200.0,9.5,0.0,300.0
200.0,9.75,0.0,300.0
200.0,10.0,0.0,300.0
